Date,Confirmed,Deaths,Recovered,Infected,CFR,Recovery_rate,Mortality_rate
0-07-01,10675596,541738,5468425,4665433,5.07454572091338,51.2236038156558,.000694535897435897
0-07-02,10885548,547161,5753359,4585028,5.02649016843249,52.8531866287301,.000701488461538462
0-07-03,11086923,552455,5863247,4671221,4.98294251705365,52.8843485248342,.000708275641025641
0-07-04,11280744,557248,6059007,4664489,4.93981602631883,53.7110584195511,.000714420512820513
0-07-05,11464726,561077,6178370,4725279,4.893941643263,53.8902543331607,.000719329487179487
0-07-06,11628722,565315,6302069,4761338,4.86136825697613,54.1939948345141,.00072476282051282
0-07-07,11840091,571657,6447102,4821332,4.82814701339711,54.451456496407,.00073289358974359
0-07-08,12054250,577286,6605158,4871806,4.78906609701972,54.7952630814858,.000740110256410256
0-07-09,12281090,583076,6739776,4958238,4.74775447456211,54.8792981730449,.000747533333333333
0-07-10,12513766,588707,6879222,5045837,4.70447505571065,54.9732350756759,.000754752564102564
0-07-11,12730232,593919,7004914,5131399,4.6654216513886,55.0258157117639,.000761434615384615
0-07-12,12922492,598294,7116750,5207448,4.62986550891268,55.0725819756747,.00076704358974359
0-07-13,13113970,602610,7257073,5254287,4.59517598408415,55.3384901749813,.000772576923076923
0-07-14,13336173,608627,7399325,5328221,4.56373053948835,55.4831209823088,.000780291025641026
0-07-15,13567611,614475,7559131,5394005,4.52898450582052,55.7145322046748,.000787788461538462
0-07-16,13818969,620661,7711616,5486692,4.4913697975587,55.8045683437021,.000795719230769231
0-07-17,14061686,627705,7895037,5538944,4.46393839259389,56.145735298029,.00080475
0-07-18,14297865,634278,8045824,5617763,4.43617281321372,56.2729050805837,.000813176923076923
0-07-19,14511279,638959,8133882,5738438,4.40318871961596,56.0521370997002,.000819178205128205
0-07-20,14718412,642988,8293010,5782414,4.36859628606673,56.3444616171908,.00082434358974359
0-07-21,14952034,649387,8467706,5834941,4.3431348537597,56.6324688667776,.000832547435897436
0-07-22,15231917,656742,8647438,5927737,4.31161750684435,56.771829835995,.000841976923076923
0-07-23,15514776,663367,8823668,6027741,4.27571110275778,56.8726741526916,.000850470512820513
0-07-24,15795846,669826,9051968,6074052,4.24051994429422,57.3060031099316,.000858751282051282
0-07-25,16049938,675976,9271780,6102182,4.2117047430339,57.7683228433655,.000866635897435897
0-07-26,16263015,680303,9415081,6167631,4.18312963494161,57.8925924866945,.000872183333333333
0-07-27,16489477,685535,9586464,6217478,4.15740899483956,58.1368590404656,.000878891025641026
0-07-28,16742217,692258,9756922,6293037,4.13480484693276,58.2773595635512,.000887510256410256
0-07-29,17033965,699270,9959508,6375187,4.10515109077657,58.4685245038369,.0008965
0-07-30,17314074,705912,10173027,6435135,4.07709935859117,58.7558248855815,.000905015384615385
0-07-31,17604811,712493,10372633,6519685,4.04714938433591,58.9193090456921,.000913452564102564
0-08-01,17853166,718574,10553544,6581048,4.02491076372673,59.1130111040249,.000921248717948718
0-08-02,18084181,722978,10692268,6668935,3.9978476216313,59.1249777913636,.000926894871794872
0-08-03,18290628,728044,10914713,6647871,3.98042101124139,59.6738012494705,.000933389743589744
0-08-04,18548543,735036,11138370,6675137,3.96276947466979,60.049837876754,.000942353846153846
0-08-05,18825127,742524,11360065,6722538,3.94432398782755,60.3452237002173,.000951953846153846
0-08-06,19110321,749415,11548872,6812034,3.9215196856191,60.4326426541972,.000960788461538462
0-08-07,19392566,756110,11740918,6895538,3.89896829537669,60.5433958559172,.000969371794871795
0-08-08,19651099,762184,11941162,6947753,3.87858205792969,60.7658737050788,.000977158974358974
0-08-09,19875797,766985,12119940,6988872,3.85888928127008,60.9783849170929,.000983314102564102
0-08-10,20101808,772713,12284151,7044944,3.84399751504939,61.1096822733557,.000990657692307692
0-08-11,20359380,779327,12589219,6990834,3.82785232163258,61.8349822047626,.00099913717948718
0-08-12,20636018,786274,12829864,7019880,3.81020214268082,62.1721884522489,.00100804358974359
0-08-13,20925236,793105,12993780,7138351,3.79018425407484,62.0962172182909,.00101680128205128
0-08-14,21228980,799769,13277022,7152189,3.7673453929487,62.5419685731486,.00102534487179487
0-08-15,21476718,805774,13445626,7225318,3.75184886256829,62.6055899230041,.00103304358974359
0-08-16,21691208,810402,13678580,7202226,3.73608514564979,63.0604805412405,.00103897692307692
0-08-17,21898916,814926,13889592,7194398,3.72130748389555,63.4259339594709,.00104477692307692
0-08-18,22157171,822142,14117187,7217842,3.71050076744906,63.7138513757013,.00105402820512821
0-08-19,22436722,829263,14335184,7272275,3.6960078214634,63.8916148268005,.00106315769230769
0-08-20,22709277,835675,14542974,7330628,3.67988377613255,64.0397930766356,.00107137820512821
0-08-21,22970496,841415,14711468,7417613,3.66302495165973,64.0450602372713,.00107873717948718
0-08-22,23234766,847225,14921385,7466156,3.64636768883319,64.2200786528257,.0010861858974359
0-08-23,23440930,851485,15137916,7451529,3.6324710666343,64.5789906799773,.00109164743589744
0-08-24,23666158,856307,15337337,7472514,3.6182763590102,64.8070421907941,.00109782948717949
0-08-25,23910153,862948,15568886,7478319,3.60912788805659,65.1141211852555,.00110634358974359
0-08-26,24193952,869507,15794620,7529825,3.59390231079238,65.2833402331293,.00111475256410256
0-08-27,24477860,875724,16001857,7600279,3.57761667073837,65.372777685631,.00112272307692308
0-08-28,24761471,881589,16200975,7678907,3.56032563655043,65.428160548297,.00113024230769231
0-08-29,25025287,887212,16412388,7725687,3.54526203835345,65.5832158887928,.00113745128205128
0-08-30,25246275,891534,16622628,7732113,3.5313486841128,65.8419034095129,.00114299230769231
0-08-31,25509140,895914,16823418,7789808,3.51212937794061,65.9505494893203,.00114860769230769
0-09-01,25774047,902585,17081380,7790082,3.50191415418774,66.2735658082722,.00115716025641026
0-09-02,26057555,908941,17300617,7847997,3.4882052441221,66.3938615883186,.00116530897435897
0-09-03,26339015,915019,17521986,7902010,3.47400614639538,66.5248339772767,.00117310128205128
0-09-04,26653020,920908,17735487,7996625,3.45517318487736,66.5421291846102,.00118065128205128
0-09-05,26923081,926065,17936475,8060541,3.43966947913576,66.6211827687923,.00118726282051282
0-09-06,27153595,930141,18148266,8075188,3.42548012519153,66.8355921195702,.00119248846153846
0-09-07,27371523,939717,18345814,8085992,3.4331922268264,67.0251852628003,.00120476538461538
0-09-08,27613555,944826,18547611,8121118,3.4216021805233,67.1685011220033,.00121131538461538
0-09-09,27898369,951105,18787878,8159386,3.40917779100276,67.3440013643808,.00121936538461538
0-09-10,28198228,957122,19004539,8236567,3.39426293028058,67.3962172374803,.00122707948717949
0-09-11,28519589,963157,19228209,8328223,3.37717699928986,67.4210592586029,.00123481666666667
0-09-12,28806206,968215,19451143,8386848,3.36113336133193,67.5241404577888,.00124130128205128
0-09-13,29048946,972152,19638991,8437803,3.34659990761799,67.606552747215,.00124634871794872
0-09-14,29312693,976688,19867490,8468515,3.33196270980629,67.7777712201332,.0012521641025641
0-09-15,29598140,983296,20093777,8521067,3.32215470296444,67.888647732594,.0012606358974359
0-09-16,29902687,989250,20323254,8590183,3.30823112986468,67.9646414384099,.00126826923076923
0-09-17,30217566,994849,20543465,8679252,3.29228700948316,67.9851745835518,.00127544743589744
0-09-18,30543485,1000670,20794614,8748201,3.27621422375345,68.0819952274601,.00128291025641026
0-09-19,30835647,1006060,21031599,8797988,3.26265247490996,68.2054733601017,.00128982051282051
0-09-20,31087793,1009996,21268676,8809121,3.2488507627415,68.4148791134836,.00129486666666667
0-09-21,31363785,1014337,21514154,8835294,3.23410264418022,68.5955282501777,.00130043205128205
0-09-22,31648303,1020539,21733547,8894217,3.22462471368528,68.672076983085,.00130838333333333
0-09-23,31924402,1026183,21996960,8901259,3.21441573126413,68.9032796918169,.00131561923076923
0-09-24,32277431,1032760,22252630,8992041,3.19963506389341,68.941763054191,.00132405128205128
0-09-25,32608314,1038705,22491838,9077771,3.1853992819132,68.9757771591625,.00133167307692308
0-09-26,32896777,1044270,22753981,9098526,3.17438392216964,69.1678123969409,.00133880769230769
0-09-27,33148188,1048082,22967860,9132246,3.16180781887686,69.2884329001634,.00134369487179487
0-09-28,33403027,1052103,23190402,9160522,3.14972352655345,69.4260493218174,.00134885
0-09-29,33685585,1058145,23431686,9195754,3.14123979144195,69.5599794392765,.00135659615384615
0-09-30,34011804,1064712,23679904,9267188,3.13041907450719,69.6226051402625,.00136501538461538
0-10-01,34330104,1073515,23901446,9355143,3.12703684206724,69.6224106982024,.00137630128205128
0-10-02,34627958,1078562,24073731,9475665,3.11471441659944,69.5210817802193,.00138277179487179
0-10-03,34960044,1084011,24329332,9546701,3.10071406088619,69.5918231681859,.00138975769230769
0-10-04,35221464,1088017,24551491,9581956,3.08907375343626,69.7060491295876,.00139489358974359
0-10-05,35522414,1095014,24788959,9638441,3.08260018589953,69.7839932837898,.0014038641025641
0-10-06,35848966,1100866,25021585,9726515,3.07084449799752,69.79722929805,.00141136666666667
0-10-07,36199957,1106793,25276776,9816388,3.05744285828848,69.8254310081087,.00141896538461538
0-10-08,36561290,1113157,25496282,9951851,3.04463272493941,69.7357286900982,.00142712435897436
0-10-09,36922190,1119370,25703072,10099748,3.03169990729152,69.6141588567742,.00143508974358974
0-10-10,37279326,1124285,25898477,10256564,3.01584046878959,69.4714196281338,.00144139102564103
0-10-11,37566278,1128383,26121117,10316778,3.00371253175521,69.5334177104264,.00144664487179487
0-10-12,37857976,1132453,26321236,10404287,2.99131945141494,69.5262631050323,.00145186282051282
0-10-13,38177218,1137831,26513681,10525706,2.98039265197375,69.4489603721256,.00145875769230769
0-10-14,38559565,1144049,26725966,10689550,2.96696552463701,69.3108597049785,.00146672948717949
0-10-15,38966541,1150137,26933293,10883111,2.95160147779091,69.1190244471533,.00147453461538462
0-10-16,39378313,1156465,27136307,11085541,2.93680686625656,68.9118068618125,.00148264743589744
0-10-17,39750993,1162138,27334590,11254265,2.9235445766097,68.7645463347293,.00148992051282051
0-10-18,40067583,1165747,27536101,11365735,2.90945176303747,68.7241379146828,.00149454743589744
0-10-19,40454758,1170656,27738632,11545470,2.8937412009732,68.5670446971899,.00150084102564103
0-10-20,40843745,1177289,27950079,11716377,2.88242177596594,68.4317243680764,.00150934487179487
0-10-21,41288653,1183999,28161301,11943353,2.86761353052617,68.2059087759535,.00151794743589744
0-10-22,41761382,1189933,28388094,12183355,2.84936212120566,67.9769026800885,.00152555512820513
0-10-23,42258164,1197015,28594828,12466321,2.83262424747086,67.6669909274809,.00153463461538462
0-10-24,42714986,1202899,28806409,12705678,2.81610533595867,67.4386478787562,.00154217820512821
0-10-25,43075703,1207098,29003667,12864938,2.8022711550407,67.3318483043678,.00154756153846154
0-10-26,43562021,1212708,29242802,13106511,2.78386533076599,67.1291214886472,.00155475384615385
0-10-27,44032249,1220156,29832507,12979586,2.77105082686101,67.7514950462785,.00156430256410256
0-10-28,44544143,1227367,30098469,13218307,2.75539480016486,67.5699810859533,.00157354743589744
0-10-29,45094525,1234514,30345220,13514791,2.73761393428581,67.2924706491531,.00158271025641026
0-10-30,45665604,1242170,30600994,13822440,2.72014358991069,67.0110352640907,.00159252564102564
0-10-31,46142428,1248838,30845323,14048267,2.70648523307009,66.8480709337619,.00160107435897436
0-11-01,46604864,1253880,31103270,14247714,2.69044879092448,66.7382486085572,.00160753846153846
0-11-02,47167894,1260099,31383407,14524388,2.67151846974554,66.5355273228862,.00161551153846154
0-11-03,47721721,1269547,31634980,14817194,2.66031269073469,66.2905262783796,.00162762435897436
0-11-04,48233206,1279702,31914299,15039205,2.65315558745981,66.1666549803884,.00164064358974359
0-11-05,48829777,1287787,32217954,15324036,2.6372985483837,65.9801374886476,.00165100897435897
0-11-06,49474659,1297535,32506315,15670809,2.62262545356806,65.7029591654184,.00166350641025641
0-11-07,50071611,1305190,32805331,15961090,2.60664670845122,65.5168274893332,.00167332051282051
0-11-08,50555683,1311119,33058571,16185993,2.59341566011481,65.3904151586677,.0016809217948718
0-11-09,51057076,1318389,33315624,16423063,2.58218664930988,65.2517273022059,.00169024230769231
0-11-10,51616461,1328429,33572984,16715048,2.57365378071929,65.0431729521325,.0017031141025641
0-11-11,52265191,1338933,33953208,16973050,2.56180638467388,64.9633290348064,.00171658076923077
0-11-12,52914645,1348756,34179447,17386442,2.54892761729763,64.5935487236095,.00172917435897436
0-11-13,53566727,1358404,34481579,17726744,2.53591002489288,64.3712635270772,.00174154358974359
0-11-14,54161862,1367568,34759398,18034896,2.52496489134735,64.1768888964711,.00175329230769231
0-11-15,54635935,1374026,34990158,18271751,2.51487596945124,64.0423889515206,.00176157179487179
0-11-16,55170071,1381999,35380888,18407184,2.50497955676004,64.1305826849489,.00177179358974359
0-11-17,55781327,1393121,35814479,18573727,2.49746837324254,64.2051398311123,.00178605256410256
0-11-18,56408504,1404592,36177589,18826323,2.4900358995516,64.1349910644679,.00180075897435897
0-11-19,57062051,1415721,36551888,19094442,2.48102017924312,64.0563866167376,.00181502692307692
0-11-20,57730831,1427559,36907312,19395960,2.47278442951913,63.9299856951652,.00183020384615385
0-11-21,58318557,1436534,37246582,19635441,2.46325367755584,63.8674616040311,.00184171025641026
0-11-22,58806701,1443837,37520306,19842558,2.45522529821899,63.8027730887335,.00185107307692308
0-11-23,59331660,1452402,37931519,19947739,2.44793757666649,63.9313294116497,.00186205384615385
0-11-24,59921951,1465120,38303698,20153133,2.44504722484754,63.9226483129697,.00187835897435897
0-11-25,60558291,1477306,38741108,20339877,2.43947769265814,63.9732518211255,.00189398205128205
0-11-26,61140970,1488288,39107984,20544698,2.43419101790502,63.9636302793364,.00190806153846154
0-11-27,61827863,1499678,39489610,20838575,2.42556984380974,63.8702489199732,.0019226641025641
0-11-28,62414022,1508957,39849316,21055749,2.41765704507875,63.8467362350082,.00193456025641026
0-11-29,62902699,1516168,40167599,21218932,2.41033854525066,63.856717817466,.00194380512820513
0-11-30,63411091,1525135,40569855,21316101,2.40515495940608,63.9791152623442,.00195530128205128
0-12-01,64023308,1537895,41046059,21439354,2.40208612775835,64.1111187194514,.00197166025641026
0-12-02,64675043,1550586,41508985,21615472,2.39750285129304,64.180838658275,.00198793076923077
0-12-03,65369179,1563149,41935969,21870061,2.39126301402684,64.1525098548354,.00200403717948718
0-12-04,66052314,1575752,42426586,22049976,2.38561210739718,64.2317936052929,.00202019487179487
0-12-05,66694746,1586029,42862534,22246183,2.37804189253528,64.2667324949405,.00203337051282051
0-12-06,67233741,1593520,43178578,22461643,2.37011949104543,64.2215907634829,.00204297435897436
0-12-07,67753311,1602299,43591717,22559295,2.36490139943124,64.3388734168283,.00205422948717949
0-12-08,68396799,1614691,44032488,22749620,2.3607698366118,64.3779952333734,.00207011666666667
0-12-09,69066819,1627367,44458968,22980484,2.35622115447361,64.3709506876232,.00208636794871795
0-12-10,70564945,1640066,44950194,23974685,2.32419369135766,63.7004592010948,.00210264871794872
0-12-11,71269554,1653188,45428334,24188032,2.31962725626149,63.7415718919751,.0021194717948718
0-12-12,71904616,1663817,46933277,23307522,2.31392237738951,65.2715772795449,.00213309871794872
0-12-13,72435722,1671403,47328396,23435923,2.30742919909047,65.3384748480867,.00214282435897436
0-12-14,72960602,1680548,41338399,29941655,2.3033636701627,56.6585223625211,.00215454871794872
0-12-15,73596794,1694540,41696563,30205691,2.30246442528461,56.6554067558975,.00217248717948718
0-12-16,74330464,1708306,42058783,30563375,2.29825822155503,56.5835065956268,.0021901358974359
0-12-17,75070221,1721761,42434192,30914268,2.29353394337283,56.5259985047866,.0022073858974359
0-12-18,75790546,1734687,42751920,31303939,2.28879074178988,56.4079852386866,.00222395769230769
0-12-19,76401995,1745573,43103506,31552916,2.28472175366625,56.4167283851685,.0022379141025641
0-12-20,76935664,1753452,43380335,31801877,2.27911466390931,56.3852090754686,.00224801538461538
0-12-21,77484615,1763157,43723555,31997903,2.27549301238704,56.428692328148,.00226045769230769
0-12-22,78134972,1777527,44086740,32270705,2.27494418248464,56.4238251726768,.00227888076923077
0-12-23,78830100,1791422,44410880,32627798,2.27251011986538,56.33746500385,.00229669487179487
0-12-24,79496691,1803171,44725552,32967968,2.2682340325335,56.2608977020188,.00231175769230769
0-12-25,79962475,1811798,45017158,33133519,2.26581030664696,56.2978547124761,.00232281794871795
0-12-26,80475205,1819276,45425322,33230607,2.26066649970012,56.4463576079117,.00233240512820513
0-12-27,80913868,1826825,45717710,33369333,2.25774029243046,56.5016988187983,.00234208333333333
0-12-28,81409709,1836615,46016136,33556958,2.25601469721505,56.5241376799418,.00235463461538462
0-12-29,82074293,1851874,46369231,33853188,2.25633865649016,56.4966560235858,.00237419743589744
0-12-30,82835540,1867231,46757476,34210833,2.25414236449717,56.4461534264158,.0023938858974359
0-12-31,83560482,1880449,47032627,34647406,2.25040468292177,56.2857296586681,.00241083205128205
1-01-01,84093788,1890278,47313005,34890505,2.24782120648436,56.262187880037,.00242343333333333
1-01-02,84720299,1898864,47614297,35207138,2.24133297735411,56.2017575032402,.00243444102564103
1-01-03,85253202,1906316,47882779,35464107,2.23606381376737,56.1653731199445,.00244399487179487
1-01-04,85807043,1916580,48173187,35717276,2.23359287651947,56.1412971660147,.00245715384615385
1-01-05,86547096,1932120,48488548,36126428,2.23244925514312,56.0256210098603,.00247707692307692
1-01-06,87330661,1947237,48801673,36581751,2.22972891502562,55.8814881751553,.00249645769230769
1-01-07,88211545,1962359,49125604,37123582,2.22460563410379,55.6906740495249,.00251584487179487
1-01-08,89014809,1977613,49422867,37614329,2.2216674081725,55.5220727373577,.00253540128205128
1-01-09,89776075,1990630,49753112,38032333,2.21732794622621,55.4191214084599,.00255208974358974
1-01-10,90365376,1999201,50023662,38342513,2.21235288170549,55.3571115556472,.00256307820512821
1-01-11,90984976,2009553,50313950,38661473,2.2086646481063,55.2991847796937,.00257635
1-01-12,91690531,2026852,50657507,39006172,2.21053578585994,55.2483516536729,.00259852820512821
1-01-13,92438858,2043721,51023568,39371569,2.21088949411296,55.1970990381556,.00262015512820513
1-01-14,93194145,2059407,51396413,39738325,2.2098029870868,55.1498304963257,.00264026538461538
1-01-15,93961381,2074533,51717035,40169813,2.207857076941,55.0407352995376,.00265965769230769
1-01-16,94600703,2088132,52034090,40478481,2.20731129239071,55.0039147172088,.00267709230769231
1-01-17,95130064,2097015,52349805,40683244,2.20436622433051,55.0297169988238,.00268848076923077
1-01-18,95645312,2106781,52668558,40869973,2.20270179054881,55.0665337366457,.00270100128205128
1-01-19,96253248,2123746,53071502,41058000,2.20641489417583,55.1373622217922,.00272275128205128
1-01-20,96946210,2141796,53399273,41405141,2.2092622290237,55.0813414985485,.00274589230769231
1-01-21,97602571,2158960,53765412,41678199,2.21199091159187,55.086061206318,.00276789743589744
1-01-22,98261639,2175191,54147169,41939279,2.21367262152018,55.1050944713023,.00278870641025641
1-01-23,98829909,2188931,54463662,42177316,2.21484672215979,55.1084813808743,.00280632179487179
1-01-24,99275699,2198057,54774619,42303023,2.21409370283054,55.1742466200112,.0028180217948718
1-01-25,99772747,2209291,55089060,42474396,2.21432311571014,55.2145366910665,.00283242435897436
1-01-26,100329071,2226905,55418603,42683563,2.2196009370006,55.2368345960265,.00285500641025641
1-01-27,100927448,2244097,55759372,42923979,2.22347542167122,55.2469849430851,.00287704743589744
1-01-28,101541893,2261252,56075031,43205610,2.22691534813124,55.2235430552787,.00289904102564103
1-01-29,102132381,2276737,56439138,43416506,2.22920192176857,55.2607678851627,.00291889358974359
1-01-30,102647858,2290272,56790304,43567282,2.23119317307138,55.3253668478888,.00293624615384615
1-01-31,103029652,2298826,57079203,43651623,2.2312275693215,55.4007529793462,.00294721282051282
1-02-01,103476199,2309509,57351845,43814845,2.23192291784896,55.4251562719268,.00296090897435897
1-02-02,103934126,2324805,57702035,43907286,2.23680622474278,55.5178912073595,.00298051923076923
1-02-03,104456157,2340921,58031882,44083354,2.24105602506514,55.5562100566269,.00300118076923077
1-02-04,104923095,2353835,58325871,44243389,2.24339074252432,55.5891636631573,.00301773717948718
1-02-05,105458548,2371009,58607158,44480381,2.24828526939324,55.5736439686236,.00303975512820513
1-02-06,105830862,2381426,58901715,44547721,2.25021884448036,55.6564634236845,.00305311025641026
1-02-07,106229038,2389620,59179150,44660268,2.24949791976842,55.7090143280785,.00306361538461538
1-02-08,106545054,2398609,59411984,44734461,2.25126264425189,55.7623106559221,.00307513974358974
1-02-09,106972720,2414650,59783592,44774478,2.25725773823457,55.8867644012417,.00309570512820513
1-02-10,107408534,2428563,60052900,44927071,2.26105218045337,55.9107342438916,.00311354230769231
1-02-11,107850003,2442299,60328985,45078719,2.2645330848994,55.9378612163785,.00313115256410256
1-02-12,108278724,2455436,60616584,45206704,2.26769942357282,55.9819895919719,.00314799487179487
1-02-13,108652122,2465756,60862827,45323539,2.26940436561377,56.0162340869882,.00316122564102564
1-02-14,108946086,2472351,61058258,45415477,2.26933439352746,56.0444713911062,.00316968076923077
1-02-15,109229345,2479755,61346871,45402719,2.2702278403299,56.163360679312,.00317917307692308
1-02-16,109580144,2491355,61582276,45506513,2.27354601760699,56.1983893724396,.00319404487179487
1-02-17,109975720,2503251,61876217,45596252,2.27618514341165,56.2635252581206,.00320929615384615
1-02-18,110379223,2515093,62112835,45751295,2.27859277465651,56.2722161941655,.00322447820512821
1-02-19,110791727,2526805,62347471,45917451,2.28068021721514,56.2744824800863,.00323949358974359
1-02-20,111162265,2535655,62616687,46009923,2.28103934370175,56.3290852340945,.00325083974358974
1-02-21,111476792,2542023,62833944,46100825,2.28031588853041,56.3650450221065,.00325900384615385
1-02-22,111765161,2549457,63016514,46199190,2.28108381644974,56.3829671394649,.00326853461538462
1-02-23,112154029,2561176,63295144,46297709,2.28362371181511,56.4359074429685,.00328355897435897
1-02-24,112598969,2573595,63504603,46520771,2.28562927605492,56.3989204910038,.00329948076923077
1-02-25,113046460,2584245,63732295,46729920,2.286002586901,56.3770815999015,.00331313461538462
1-02-26,113489486,2594951,63992563,46901972,2.28651225013038,56.3863360875562,.00332686025641026
1-02-27,113878785,2603583,64243285,47031917,2.28627570973821,56.4137429109381,.00333792692307692
1-02-28,114182356,2609702,64418462,47154192,2.28555627280979,56.4171770987104,.00334577179487179
1-03-01,114488090,2617578,64633388,47237124,2.28633214162277,56.4542460268138,.00335586923076923
1-03-02,114798408,2627954,64903492,47266962,2.28919028215095,56.5369268883938,.00336917179487179
1-03-03,115239558,2639688,65132900,47466970,2.29060927151421,56.5195676991403,.00338421538461538
1-03-04,115692613,2649980,65383180,47659453,2.2905351787672,56.5145676154795,.00339741025641026
1-03-05,116139645,2660658,65609540,47869447,2.29091280587262,56.4919412316096,.0034111
1-03-06,116550222,2668754,65846043,48035425,2.28978886029063,56.4958537788113,.00342147948717949
1-03-07,116918602,2674659,66084363,48159580,2.28762485545286,56.5216842055638,.00342905
1-03-08,117217208,2681746,66358921,48176541,2.28784326615253,56.6119276616792,.0034381358974359
1-03-09,117631885,2692394,66621154,48318337,2.2888301075852,56.6352855775456,.00345178717948718
1-03-10,118098952,2702456,66856510,48539986,2.28829803671755,56.6105870270551,.00346468717948718
1-03-11,118575835,2712668,67129127,48734040,2.2877072718906,56.6128225029999,.00347777948717949
1-03-12,119065151,2722792,67397683,48944676,2.28680850537031,56.6057174865549,.00349075897435897
1-03-13,119519364,2731226,67650215,49137923,2.28517447599537,56.6018867034801,.00350157179487179
1-03-14,119879810,2737189,67895903,49246718,2.28327772624932,56.6366454868422,.00350921666666667
1-03-15,120228591,2744646,68185782,49298163,2.28285632990575,56.7134501310092,.00351877692307692
1-03-16,120701640,2755216,68452267,49494157,2.28266658182938,56.7119609973816,.00353232820512821
1-03-17,121241068,2765511,68716803,49758754,2.281001846668,56.6778271864118,.00354552692307692
1-03-18,121794627,2776549,68985879,50032199,2.27969744510979,56.6411513374888,.00355967820512821
1-03-19,122356343,2787642,69264940,50303761,2.27829790565087,56.6091943431163,.0035739
1-03-20,122855285,2796342,69523151,50535792,2.27612674538177,56.5894670302543,.00358505384615385
1-03-21,123278672,2802211,69803250,50673211,2.27307039777327,56.6223247440563,.00359257820512821
1-03-22,123695333,2810251,70137879,50747203,2.27191352482151,56.7021223023831,.0036028858974359
1-03-23,124209643,2821757,70451021,50936865,2.27176967250441,56.7194456874818,.00361763717948718
1-03-24,124843218,2832184,70786663,51224371,2.26859259587493,56.7004472761989,.00363100512820513
1-03-25,125494652,2843864,71098480,51552308,2.26612365919784,56.6545895517524,.00364597948717949
1-03-26,126136052,2856757,71463066,51816229,2.26482195589886,56.6555436505972,.00366250897435897
1-03-27,126720792,2866889,71768319,52085584,2.26236669985459,56.6349987774698,.00367549871794872
1-03-28,127190873,2874129,72097107,52219637,2.25969751776136,56.6841828344082,.00368478076923077
1-03-29,127649131,2882590,72401543,52364998,2.25821357138734,56.719182052246,.00369562820512821
1-03-30,128217581,2894685,72736786,52586110,2.25763501184756,56.7291828723551,.00371113461538462
1-03-31,128900516,2907529,73119295,52873692,2.25563798363693,56.7253702847861,.00372760128205128
1-04-01,129612373,2919940,73464081,53228352,2.25282504472007,56.6798364227156,.00374351282051282
1-04-02,130246167,2930620,73784288,53531259,2.25006237611584,56.6498728519205,.00375720512820513
1-04-03,130775801,2939752,74150289,53685760,2.24793270430819,56.7003133859605,.00376891282051282
1-04-04,131328758,2947134,74498477,53883147,2.24408883848578,56.7267049003844,.00377837692307692
1-04-05,131818062,2954860,74846290,54016912,2.24161996858974,56.7799957489892,.00378828205128205
1-04-06,132422295,2967480,75216286,54238529,2.24092174206768,56.8003190097257,.00380446153846154
1-04-07,133106608,2982818,75699591,54424199,2.24092405690332,56.8713996528257,.00382412564102564
1-04-08,133946462,2997651,76094850,54853961,2.23794712845794,56.8098991670269,.00384314230769231
1-04-09,134694522,3011549,76548563,55134410,2.23583628738814,56.8312369823028,.00386096025641026
1-04-10,135359190,3024409,76933557,55401224,2.23435808089573,56.8365967615498,.00387744743589744
1-04-11,136050057,3033788,77464029,55552240,2.22990571771683,56.93788794223,.00388947179487179
1-04-12,136666545,3043673,77858761,55764111,2.22707978752225,56.9698758390358,.00390214487179487
1-04-13,137446191,3057507,78345223,56043461,2.22451199102345,57.0006505309412,.00391988076923077
1-04-14,138263254,3071606,78792113,56399535,2.22156351101067,56.9870234646727,.00393795641025641
1-04-15,139080030,3085280,79236515,56758235,2.21834867306255,56.971885180065,.00395548717948718
1-04-16,139934945,3098529,79740632,57095784,2.21426392099557,56.984073563612,.00397247307692308
1-04-17,140723160,3111081,80259168,57352911,2.21078108251691,57.0333753164724,.00398856538461538
1-04-18,141408751,3120141,80839359,57449251,2.20646952747641,57.1671543863647,.00400018076923077
1-04-19,142102363,3131034,81374734,57596595,2.2033651896415,57.2648703948716,.00401414615384615
1-04-20,142956456,3145347,81979571,57831538,2.20021332929518,57.3458333354319,.00403249615384615
1-04-21,143846433,3160305,82491871,58194257,2.19699921234752,57.347178709673,.00405167307692308
1-04-22,144746200,3174198,83128167,58443835,2.19294047097609,57.4302931614094,.00406948461538462
1-04-23,145649953,3189390,83767999,58692564,2.18976383741092,57.5132344876212,.00408896153846154
1-04-24,146471022,3202678,84344290,58924054,2.18656083385559,57.5842844873439,.00410599743589744
1-04-25,147193478,3213106,84878104,59102268,2.18291329456866,57.6643103711429,.00411936666666667
1-04-26,147876137,3224757,85565470,59085910,2.18071493171342,57.8629329490802,.00413430384615385
1-04-27,148720592,3239720,86246374,59234498,2.17839369547426,57.9922207410256,.00415348717948718
1-04-28,149626600,3255770,86843039,59527791,2.1759299482846,58.0398398413116,.0041740641025641
1-04-29,150524258,3271529,87550355,59702374,2.17342310367011,58.163618385018,.00419426794871795
1-04-30,151403270,3285547,88236951,59880772,2.17006343390073,58.2794222344075,.00421223974358974
1-05-01,152200029,3298813,88919401,59981815,2.16741942933533,58.4227227709661,.00422924743589744
1-05-02,152874414,3308838,89612415,59953161,2.16441581911804,58.6183211796318,.0042421
1-05-03,153555936,3320640,90255904,59979392,2.16249536585808,58.7772158804724,.00425723076923077
1-05-04,154363355,3334704,90912804,60115847,2.16029510371811,58.8953278451353,.00427526153846154
1-05-05,155204557,3349588,91626286,60228683,2.15817632210374,59.0358219958709,.00429434358974359
1-05-06,156074567,3364240,92301898,60408429,2.15553377123897,59.1396149764747,.00431312820512821
1-05-07,156906973,3378637,92998027,60530309,2.1532739657147,59.2695309978353,.0043315858974359
1-05-08,157692702,3391938,93709032,60591732,2.15097969467224,59.4250912131622,.00434863846153846
1-05-09,158334279,3402147,94371825,60560307,2.14871158758995,59.6029019085627,.00436172692307692
1-05-10,158956114,3413272,95000511,60542331,2.1473046327743,59.7652450159923,.00437598974358974
1-05-11,159694580,3427515,95751515,60515550,2.14629388173349,59.9591514001289,.00439425
1-05-12,160454640,3441371,96399064,60614205,2.14476253226457,60.078701370057,.0044120141025641
1-05-13,161179904,3455058,97089181,60635665,2.14360346063986,60.2365298592063,.00442956153846154
1-05-14,161897925,3468123,97754528,60675274,2.14216642986623,60.3803464436002,.00444631153846154
1-05-15,162525945,3480329,98397065,60648551,2.14139902401429,60.5423737114711,.00446196025641026
1-05-16,163074549,3490385,99064469,60519695,2.14036158395263,60.747964417182,.00447485256410256
1-05-17,163614578,3501591,99808931,60304056,2.1401460938279,61.0024682519427,.00448921923076923
1-05-18,164237099,3515792,100552044,60169263,2.14068077274063,61.2237092668082,.00450742564102564
1-05-19,164908717,3529361,101250071,60129285,2.14019068500788,61.3976464324806,.0045248217948718
1-05-20,165188667,3542419,101886760,59759488,2.14446854274815,61.6790254745503,.00454156282051282
1-05-21,165814688,3555430,102501548,59757710,2.14421897292959,61.8169290286274,.00455824358974359
1-05-22,166392888,3566965,103118309,59707614,2.14370039661791,61.9727863609171,.00457303205128205
1-05-23,166869423,3576721,103620280,59672422,2.14342504198627,62.0966250958991,.00458553974358974
1-05-24,167323966,3585776,104247872,59490318,2.1430139899983,62.303012827224,.00459714871794872
1-05-25,167856147,3598962,104824935,59432250,2.14407518838139,62.4492679436994,.00461405384615385
1-05-26,168424728,3611695,105380748,59432285,2.14439711014406,62.5684537249186,.00463037820512821
1-05-27,168979457,3624744,106078106,59276607,2.14507968267409,62.7757408404975,.00464710769230769
1-05-28,169479742,3636703,106633069,59209970,2.14580395101144,62.9178848997776,.00466243974358974
1-05-29,169961056,3647454,107140669,59172933,2.14605279929539,63.0383639179083,.00467622307692308
1-05-30,170352481,3655575,107630598,59066308,2.14588891135668,63.1811156304791,.00468663461538462
1-05-31,170731387,3664288,108159767,58907332,2.14622985520524,63.3508395266536,.00469780512820513
