Date,Japan,South Korea,Viet Nam,Brazil,India,USA,Global
01/07/2020,"0,0007716851147","0,0005500380219",0,"0,02852473117","0,005387872321","0,03876947848","0,0006945358974"
02/07/2020,"0,0007724757757","0,0005500380219",0,"0,02911374297","0,005502372916","0,03898397828","0,0007014884615"
03/07/2020,"0,0007724757757","0,0005519885113",0,"0,02972063213","0,005635906591","0,03918639358","0,000708275641"
04/07/2020,"0,0007724757757","0,0005519885113",0,"0,0302339004","0,005821101485","0,03928155898","0,0007144205128"
05/07/2020,"0,0007724757757","0,0005539390007",0,"0,03051711534","0,00594949925","0,03938004762","0,0007193294872"
06/07/2020,"0,0007732664367","0,0005558894902",0,"0,03080879849","0,006090283622","0,03949394399","0,0007247628205"
07/07/2020,"0,0007756384196","0,0005558894902",0,"0,03139875121","0,006236203906","0,03984469647","0,0007328935897"
08/07/2020,"0,0007764290806","0,0005597904691",0,"0,03197411976","0,006383332638","0,04009303285","0,0007401102564"
09/07/2020,"0,0007764290806","0,0005617409585",0,"0,03254807695","0,006526836023","0,04040118749","0,0007475333333"
10/07/2020,"0,0007764290806","0,0005617409585",0,"0,03311921139","0,006683632352","0,04064771119","0,0007547525641"
11/07/2020,"0,0007764290806","0,0005636914479",0,"0,03362307053","0,006849794165","0,04086795113","0,0007614346154"
12/07/2020,"0,0007772197416","0,0005636914479",0,"0,03391992871","0,007001152471","0,04101054817","0,0007670435897"
13/07/2020,"0,0007780104025","0,0005636914479",0,"0,03426477348","0,007168220622","0,04114589452","0,0007725769231"
14/07/2020,"0,0007780104025","0,0005636914479",0,"0,0348763672","0,007344050031","0,04142625482","0,0007802910256"
15/07/2020,"0,0007780104025","0,0005675924268",0,"0,03545644032","0,007526828026","0,04172051228","0,0007877884615"
16/07/2020,"0,0007788010635","0,0005714934057",0,"0,03607838409","0,007734681348","0,04200902961","0,0007957192308"
17/07/2020,"0,0007788010635","0,0005734438951",0,"0,03662552524","0,00793739876","0,04228848357","0,00080475"
18/07/2020,"0,0007795917245","0,0005753943846",0,"0,03705881587","0,008101445787","0,04254799811","0,0008131769231"
19/07/2020,"0,0007795917245","0,000577344874",0,"0,03739566288","0,008307184323","0,04269452262","0,0008191782051"
20/07/2020,"0,0007811730464","0,000577344874",0,"0,03769299152","0,00848392007","0,0428646119","0,0008243435897"
21/07/2020,"0,0007811730464","0,0005792953635",0,"0,03833610584","0,008680293122","0,04319240384","0,0008325474359"
22/07/2020,"0,0007827543684","0,0005792953635",0,"0,03894017225","0,009021378007","0,04356188729","0,0008419769231"
23/07/2020,"0,0007843356904","0,0005812458529",0,"0,039556941","0,009244941174","0,04388514754","0,0008504705128"
24/07/2020,"0,0007859170123","0,0005812458529",0,"0,04010078895","0,009473640252","0,04421928384","0,0008587512821"
25/07/2020,"0,0007874983343","0,0005812458529",0,"0,04067051203","0,009685723148","0,04450085259","0,0008666358974"
26/07/2020,"0,0007890796562","0,0005831963423",0,"0,0409316155","0,009900525055","0,04466127426","0,0008721833333"
27/07/2020,"0,0007890796562","0,0005851468318",0,"0,04122047592","0,01009297065","0,04500175493","0,0008788910256"
28/07/2020,"0,0007914516392","0,0005851468318",0,"0,04165376655","0,01033012887","0,04540416863","0,0008875102564"
29/07/2020,"0,0007914516392","0,0005851468318",0,"0,042404145","0,01056033851","0,0458304492","0,0008965"
30/07/2020,"0,000796195605","0,0005870973212",0,"0,04293529062","0,01079085026","0,046203558","0,0009050153846"
31/07/2020,"0,000796986266","0,0005870973212","0,000003082025552","0,04350548415","0,01103042539","0,04657727103","0,0009134525641"
01/08/2020,"0,0008001489099","0,0005870973212","0,000003082025552","0,04401734105","0,01128812725","0,04690566719","0,0009212487179"
02/08/2020,"0,0008009395709","0,0005870973212","0,000006164051104","0,04427185813","0,0115210559","0,04703769031","0,0009268948718"
03/08/2020,"0,0008048928758","0,0005870973212","0,000007191392955","0,04453578435","0,01176365215","0,04721382183","0,0009333897436"
04/08/2020,"0,0008088461807","0,0005890478107","0,000008218734805","0,04507869139","0,01202256247","0,04760112991","0,0009423538462"
05/08/2020,"0,0008127994856","0,0005890478107","0,000009246076656","0,04575473768","0,01229567206","0,04803586963","0,0009519538462"
06/08/2020,"0,0008175434514","0,0005909983001","0,00001027341851","0,04633669263","0,01256334364","0,04841018688","0,0009607884615"
07/08/2020,"0,0008238687393","0,0005929487895","0,00001027341851","0,04684431542","0,0128452145","0,04878510836","0,0009693717949"
08/08/2020,"0,0008238687393","0,000594899279","0,00001027341851","0,04727007874","0,01310533326","0,04911018129","0,0009771589744"
09/08/2020,"0,0008278220442","0,000594899279","0,00001335544406","0,04753917998","0,01340956044","0,04926818606","0,0009833141026"
10/08/2020,"0,0008317753491","0,000594899279","0,00001541012776","0,04786991104","0,01367270033","0,04945972532","0,0009906576923"
11/08/2020,"0,0008365193149","0,000594899279","0,00001643746961","0,04846927289","0,01392466206","0,04976939051","0,0009991371795"
12/08/2020,"0,0008428446027","0,000594899279","0,00001849215331","0,04902205952","0,01420925193","0,05022406966","0,00100804359"
13/08/2020,"0,0008483792296","0,000594899279","0,00002157417886","0,04961577589","0,0145134791","0,05054551724","0,001016801282"
14/08/2020,"0,0008539138564","0,000594899279","0,00002260152071","0,05011446","0,01481438304","0,0509494415","0,001025344872"
15/08/2020,"0,0008641924492","0,000594899279","0,00002465620442","0,05044801381","0,01509957713","0,05125155389","0,00103304359"
16/08/2020,"0,0008720990589","0,000594899279","0,00002465620442","0,05073969697","0,01538386489","0,05143765512","0,001038976923"
17/08/2020,"0,0008792150077","0,0005968497684","0,00002568354627","0,05106148936","0,01564851534","0,05158659653","0,001044776923"
18/08/2020,"0,0008974002102","0,0005968497684","0,00002671088812","0,05169754683","0,01597811996","0,05195698631","0,001054028205"
19/08/2020,"0,000907678803","0,0005988002578","0,00002568354627","0,05226774036","0,01627358587","0,05236091058","0,001063157692"
20/08/2020,"0,0009147947518","0,0006027012367","0,00002568354627","0,05283417023","0,01657056235","0,05269444265","0,001071378205"
21/08/2020,"0,0009290266494","0,0006027012367","0,00002568354627","0,05333003161","0,01685605856","0,05302314093","0,001078737179"
22/08/2020,"0,0009321892933","0,0006027012367","0,00002671088812","0,05374967899","0,01713158505","0,05329836531","0,001086185897"
23/08/2020,"0,0009393052421","0,0006027012367","0,00002773822997","0,0539820846","0,01738415101","0,05346301657","0,001091647436"
24/08/2020,"0,0009495838348","0,0006046517262","0,00002773822997","0,05424789264","0,01764034231","0,05360651995","0,001097829487"
25/08/2020,"0,0009638157324","0,000608552705","0,00002773822997","0,05484584312","0,01793248499","0,05397811819","0,00110634359"
26/08/2020,"0,0009725130032","0,0006105031945","0,00003082025552","0,05535628865","0,01826934031","0,05432917278","0,001114752564"
27/08/2020,"0,0009812102739","0,0006163546628","0,00003082025552","0,05581921805","0,0185886731","0,05466602809","0,001122723077"
28/08/2020,"0,0009891168837","0,00062610711","0,00003082025552","0,05622145854","0,01889712985","0,05496149401","0,001130242308"
29/08/2020,"0,001004930103","0,0006300080889","0,00003287493922","0,05657806472","0,01918353239","0,05523792684","0,001137451282"
30/08/2020,"0,001015999357","0,0006319585783","0,00003287493922","0,05684434322","0,01947688352","0,05537115841","0,001142992308"
31/08/2020,"0,00102627795","0,0006319585783","0,00003492962292","0,05710450578","0,01972431356","0,05553460121","0,001148607692"
01/09/2020,"0,001038137864","0,0006358595572","0,00003492962292","0,05767611068","0,02004002101","0,05584547486","0,001157160256"
02/09/2020,"0,001049207118","0,0006417110255","0,00003492962292","0,05823313143","0,02035512423","0,05616964145","0,001165308974"
03/09/2020,"0,001054741745","0,0006456120044","0,00003595696477","0,05862549232","0,02068623941","0,05648111932","0,001173101282"
04/09/2020,"0,001068973643","0,0006495129833","0,00003595696477","0,05904325788","0,0210152398","0,05677024087","0,001180651282"
05/09/2020,"0,001076089591","0,0006514634727","0,00003595696477","0,05937304803","0,02133698949","0,05700045051","0,001187262821"
06/09/2020,"0,001080042896","0,0006553644516","0,00003595696477","0,05958334218","0,02164393568","0,05714304756","0,001192488462"
07/09/2020,"0,001088740167","0,0006651168988","0,00003595696477","0,05972918376","0,02198622901","0,05723217071","0,001204765385"
08/09/2020,"0,001105344048","0,0006709683671","0,00003595696477","0,05996629394","0,02232308432","0,05736963185","0,001211315385"
09/09/2020,"0,001116413301","0,000674869346","0,00003595696477","0,0604720349","0,02267716004","0,05772038433","0,001219365385"
10/09/2020,"0,001119575945","0,0006826713037","0,00003595696477","0,06093449385","0,02304241392","0,05799802562","0,001227079487"
11/09/2020,"0,001129063877","0,0006924237509","0,00003595696477","0,06134567301","0,0234052509","0,05834968444","0,001234816667"
12/09/2020,"0,00113934247","0,0006982752192","0,00003595696477","0,06172862477","0,02374180409","0,05856448634","0,001241301282"
13/09/2020,"0,001144877096","0,0007080276664","0,00003595696477","0,06192386431","0,02408500377","0,05869227988","0,001246348718"
14/09/2020,"0,001150411723","0,0007158296242","0,00003595696477","0,06210310831","0,02440343022","0,05882279244","0,001252164103"
15/09/2020,"0,001156737011","0,0007158296242","0,00003595696477","0,06262672663","0,0247931552","0,05918472308","0,001260635897"
16/09/2020,"0,001170968909","0,0007255820714","0,00003595696477","0,0630910674","0,02513514643","0,05947535519","0,001268269231"
17/09/2020,"0,001178084857","0,0007353345186","0,00003595696477","0,06348107601","0,02548982637","0,05973456762","0,001275447436"
18/09/2020,"0,001185991467","0,000737285008","0,00003595696477","0,06388472787","0,02586656052","0,06000374976","0,001282910256"
19/09/2020,"0,001189154111","0,0007470374552","0,00003595696477","0,06423239538","0,02620885385","0,06022489603","0,001289820513"
20/09/2020,"0,001192316755","0,0007509384341","0,00003595696477","0,06440317116","0,02655024085","0,06030525792","0,001294866667"
21/09/2020,"0,001200223365","0,0007567899024","0,00003595696477","0,06458053334","0,02686836519","0,06043365569","0,001300432051"
22/09/2020,"0,001201014026","0,0007567899024","0,00003595696477","0,06497242378","0,02719615714","0,06074452933","0,001308383333"
23/09/2020,"0,001205757992","0,0007665423496","0,00003595696477","0,06497242378","0,02753724202","0,06106356001","0,001315619231"
24/09/2020,"0,001217617906","0,0007704433285","0,00003595696477","0,06577361156","0,02788195226","0,06133546116","0,001324051282"
25/09/2020,"0,00122078055","0,0007782452863","0,00003595696477","0,0661165745","0,02821095265","0,06161944681","0,001331673077"
26/09/2020,"0,001223152533","0,0007821462651","0,00003595696477","0,06652540138","0,02855052697","0,06185177123","0,001338807692"
27/09/2020,"0,001224733855","0,0007918987123","0,00003595696477","0,06668300437","0,02886442174","0,06194693664","0,001343694872"
28/09/2020,"0,001234221787","0,0007938492018","0,00003595696477","0,06683213915","0,02909886095","0,06205509287","0,00134885"
29/09/2020,"0,001239756414","0,0008055521384","0,00003595696477","0,06723814329","0,02945505146","0,06230765883","0,001356596154"
30/09/2020,"0,001245291041","0,0008094531173","0,00003595696477","0,06772318416","0,02981184619","0,06259708249","0,001365015385"
01/10/2020,"0,001249244346","0,0008114036067","0,00003595696477","0,06806567664","0,03014265925","0,06285961816","0,001376301282"
02/10/2020,"0,001257941616","0,0008192055645","0,00003595696477","0,06806567664","0,03046561739","0,06311943481","0,001382771795"
03/10/2020,"0,001260313599","0,0008211560539","0,00003595696477","0,06868056356","0,03074960304","0,06332547546","0,001389757692"
04/10/2020,"0,001263476243","0,0008231065434","0,00003595696477","0,06885228026","0,03102241052","0,06343967394","0,00139489359"
05/10/2020,"0,001266638887","0,0008231065434","0,00003595696477","0,06900423778","0,03128947788","0,06358499","0,001403864103"
06/10/2020,"0,001272173514","0,0008289580117","0,00003595696477","0,06938954182","0,03158736069","0,0637922391","0,001411366667"
07/10/2020,"0,001276126819","0,0008328589906","0,00003595696477","0,06973485704","0,03188071182","0,06407108883","0,001418965385"
08/10/2020,"0,001278498802","0,00083480948","0,00003595696477","0,07007781998","0,03217194816","0,06436987798","0,001427124359"
09/10/2020,"0,001283242768","0,0008387104589","0,00003595696477","0,07039867146","0,03245170423","0,06466262489","0,001435089744"
10/10/2020,"0,001285614751","0,0008426114378","0,00003595696477","0,07066165676","0,0327290434","0,06486111273","0,001441391026"
11/10/2020,"0,001287196072","0,0008445619272","0,00003595696477","0,07079808921","0,03297556711","0,06500159499","0,001446644872"
12/10/2020,"0,001289568055","0,0008465124166","0,00003595696477","0,070892651","0,03318885846","0,06512153361","0,001451862821"
13/10/2020,"0,001292730699","0,0008543143744","0,00003595696477","0,07103802213","0,0334094005","0,06536352563","0,001458757692"
14/10/2020,"0,00130142797","0,0008562648638","0,00003595696477","0,0713903942","0,03361483692","0,06566171055","0,001466729487"
15/10/2020,"0,001304590614","0,0008601658427","0,00003595696477","0,07172582984","0,03388522751","0,06591608918","0,001474534615"
16/10/2020,"0,001315659868","0,0008640668216","0,00003595696477","0,07208055419","0,03413809558","0,06620249173","0,001482647436"
17/10/2020,"0,001320403834","0,000866017311","0,00003595696477","0,07229743474","0,03445017767","0,06643239926","0,001489920513"
18/10/2020,"0,001321985156","0,000866017311","0,00003595696477","0,07229743474","0,03462510075","0,06657952799","0,001494547436"
19/10/2020,"0,001325147799","0,0008718687793","0,00003595696477","0,07253313355","0,03480244072","0,06672695883","0,001500841026"
20/10/2020,"0,001327519782","0,0008777202477","0,00003595696477","0,07284410543","0,0350190553","0,06700580857","0,001509344872"
21/10/2020,"0,001333054409","0,000883571716","0,00003595696477","0,07311038393","0,0352311382","0,06734387233","0,001517947436"
22/10/2020,"0,00134175168","0,0008874726949","0,00003595696477","0,07334420091","0,03543959574","0,0676139608","0,001525555128"
23/10/2020,"0,001348867629","0,0008913736737","0,00003595696477","0,0736128317","0,0356359688","0,06790549926","0,001534634615"
24/10/2020,"0,001352030273","0,0008913736737","0,00003595696477","0,07381606899","0,03581058976","0,06819311025","0,001542178205"
25/10/2020,"0,001356774239","0,0008913736737","0,00003595696477","0,07392474449","0,0359556037","0,06833238406","0,001547561538"
26/10/2020,"0,001360727543","0,0008972251421","0,00003595696477","0,07404847461","0,03610303455","0,06849340996","0,001554753846"
27/10/2020,"0,001364680848","0,0008991756315","0,00003595696477","0,07430675534","0,03625650764","0,06878766743","0,001564302564"
28/10/2020,"0,001368634153","0,0009011261209","0,00003595696477","0,07454668826","0,03641269974","0,06910005164","0,001573547436"
29/10/2020,"0,00138207539","0,0009030766104","0,00003595696477","0,07478803255","0,03658278902","0,06940337248","0,001582710256"
30/10/2020,"0,001388400678","0,0009050270998","0,00003595696477","0,07502702456","0,03674925294","0,06972330949","0,001592525641"
31/10/2020,"0,00139867927","0,0009089280787","0,00003595696477","0,07521850044","0,03689124577","0,07000246134","0,001601074359"
01/11/2020,"0,001404213897","0,0009128290576","0,00003595696477","0,07530788722","0,03704109351","0,07015321542","0,001607538462"
02/11/2020,"0,001412911168","0,0009206310153","0,00003595696477","0,07539209897","0,03718912858","0,07032662793","0,001615511538"
03/11/2020,"0,001418445795","0,0009245319942","0,00003595696477","0,07550641995","0,03734441435","0,07080245494","0,001627624359"
04/11/2020,"0,0014223991","0,0009264824836","0,00003595696477","0,07579339854","0,03755710147","0,07113961237","0,00164064359"
05/11/2020,"0,001427933727","0,0009284329731","0,00003595696477","0,07579339854","0,03775951677","0,07148976062","0,001651008974"
06/11/2020,"0,001431096371","0,0009303834625","0,00003595696477","0,07622104369","0,03793383562","0,07186166097","0,00166350641"
07/11/2020,"0,001435049675","0,000932333952","0,00003595696477","0,07634053969","0,03810271644","0,07218824446","0,001673320513"
08/11/2020,"0,001439793641","0,0009362349308","0,00003595696477","0,07640075815","0,03825075151","0,07236135486","0,001680921795"
09/11/2020,"0,001450072234","0,000945987378","0,00003595696477","0,07650943365","0,03838609786","0,07259670041","0,001690242308"
10/11/2020,"0,0014548162","0,0009498883569","0,00003595696477","0,07659129312","0,0385407794","0,07302539789","0,001703114103"
11/11/2020,"0,001460350827","0,0009498883569","0,00003595696477","0,07685757162","0,03870694122","0,07345862705","0,001716580769"
12/11/2020,"0,001465885454","0,0009518388463","0,00003595696477","0,07728709859","0,03887219669","0,07382357882","0,001729174359"
13/11/2020,"0,001473792063","0,0009596408041","0,00003595696477","0,07750162685","0,03902929513","0,07418671791","0,00174154359"
14/11/2020,"0,001474582724","0,0009615912935","0,00003595696477","0,07793491748","0,03916433937","0,07459336118","0,001753292308"
15/11/2020,"0,001481698673","0,000963541783","0,00003595696477","0,07800078142","0,03929575826","0,07482840462","0,001761571795"
16/11/2020,"0,001488814622","0,000963541783","0,00003595696477","0,07810240007","0,03943140672","0,07508036635","0,00177179359"
17/11/2020,"0,001498302554","0,0009674427619","0,00003595696477","0,07842466291","0,03957460799","0,07559969755","0,001786052564"
18/11/2020,"0,001508581146","0,0009713437407","0,00003595696477","0,07878032819","0,03975134374","0,07617945122","0,001800758974"
19/11/2020,"0,001518069078","0,0009771952091","0,00003595696477","0,07906542495","0,03992777738","0,0768008964","0,001815026923"
20/11/2020,"0,001525975688","0,0009810961879","0,00003595696477","0,07932511705","0,04009816876","0,07739182823","0,001830203846"
21/11/2020,"0,00152755701","0,0009849971668","0,00003595696477","0,07950200878","0,04024952707","0,07788155241","0,001841710256"
22/11/2020,"0,001536254281","0,0009927991246","0,00003595696477","0,07959327738","0,0404039065","0,07819454084","0,001851073077"
23/11/2020,"0,001540998246","0,000994749614","0,00003595696477","0,0797353553","0,04054892044","0,07852656236","0,001862053846"
24/11/2020,"0,0015520675","0,001000601082","0,00003595696477","0,08003174303","0,0406942365","0,07917036386","0,001878358974"
25/11/2020,"0,00156788072","0,001004502061","0,00003595696477","0,08033942172","0,04085254339","0,07985283574","0,001893982051"
26/11/2020,"0,001578159312","0,001006452551","0,00003595696477","0,0806645073","0,04100118269","0,08027216773","0,001908061538"
27/11/2020,"0,001603460464","0,001018155487","0,00003595696477","0,08090632205","0,0411477072","0,08074074405","0,001922664103"
28/11/2020,"0,001614529717","0,001020105977","0,00003595696477","0,08118248014","0,04129755494","0,08115312746","0,001934560256"
29/11/2020,"0,001626389632","0,001025957445","0,00003595696477","0,08131044437","0,04143139073","0,08146702223","0,001943805128"
30/11/2020,"0,001641412191","0,001025957445","0,00003595696477","0,08144546544","0,0415770089","0,08187426972","0,001955301282"
01/12/2020,"0,001667504003","0,001025957445","0,00003595696477","0,08177337377","0,04172836721","0,08264495843","0,001971660256"
02/12/2020,"0,001692805154","0,001031808913","0,00003595696477","0,08210175255","0,04188727832","0,0834954048","0,001987930769"
03/12/2020,"0,001718896967","0,001045462339","0,00003595696477","0,08245694737","0,04205041901","0,08438482367","0,002004037179"
04/12/2020,"0,001747360762","0,001053264297","0,00003595696477","0,08278344432","0,04220510055","0,08520082922","0,002020194872"
05/12/2020,"0,00176238332","0,001063016744","0,00003595696477","0,08309582758","0,04235071872","0,08591321023","0,002033370513"
06/12/2020,"0,00178610315","0,001070818702","0,00003595696477","0,08324308053","0,04246884467","0,08632166618","0,002042974359"
07/12/2020,"0,001817729589","0,00107667017","0,00003595696477","0,08341997225","0,04258515794","0,08680776501","0,002054229487"
08/12/2020,"0,001845402723","0,001084472128","0,00003595696477","0,0838160968","0,04270660712","0,08760020581","0,002070116667"
09/12/2020,"0,001878610484","0,001100076044","0,00003595696477","0,08420939861","0,04283107742","0,08856001686","0,002086367949"
10/12/2020,"0,001893633043","0,001115679959","0,00003595696477","0,08457165027","0,04295584984","0,08946514558","0,002102648718"
11/12/2020,"0,001933956753","0,001127382896","0,00003595696477","0,08488779718","0,04308968562","0,09049534882","0,002119471795"
12/12/2020,"0,001946607328","0,001131283875","0,00003595696477","0,08521053048","0,04320781157","0,09124156642","0,002133098718"
13/12/2020,"0,001961629887","0,001144937301","0,00003595696477","0,0853417879","0,04330932133","0,09173521806","0,002142824359"
14/12/2020,"0,002000372275","0,001170293664","0,00003595696477","0,08554549566","0,04341626912","0,09223460983","0,002154548718"
15/12/2020,"0,002040695985","0,001193699537","0,00003595696477","0,08599901593","0,04353318661","0,09317568992","0,002172487179"
16/12/2020,"0,002073903746","0,001236610304","0,00003595696477","0,08643936341","0,04364043651","0,09428444238","0,002190135897"
17/12/2020,"0,002103948863","0,001258065688","0,00003595696477","0,08695310213","0,04374255049","0,09534183574","0,002207385897"
18/12/2020,"0,00214190059","0,00128537254","0,00003595696477","0,087340288","0,04384738349","0,09624031798","0,002223957692"
19/12/2020,"0,002173527029","0,001314629882","0,00003595696477","0,08767243044","0,04395040382","0,09704182215","0,002237914103"
20/12/2020,"0,002201200163","0,001361441629","0,00003595696477","0,08786437678","0,04405100724","0,09756205968","0,002248015385"
21/12/2020,"0,002239942551","0,001408253375","0,00003595696477","0,08811230746","0,04414194307","0,09814332391","0,002260457692"
22/12/2020,"0,002274731634","0,001441411696","0,00003595696477","0,08856770956","0,0442425465","0,09917201659","0,002278880769"
23/12/2020,"0,002325333937","0,001474570016","0,00003595696477","0,08901981845","0,04433680556","0,1002088663","0,002296694872"
24/12/2020,"0,002345891122","0,001507728337","0,00003595696477","0,08937830647","0,04443831532","0,101084388","0,002311757692"
25/12/2020,"0,00238463351","0,001546738125","0,00003595696477","0,08961635756","0,04451414553","0,1015176172","0,002322817949"
26/12/2020,"0,002421003915","0,001575995467","0,00003595696477","0,08976078777","0,04459843489","0,1020892138","0,002332405128"
27/12/2020,"0,002451049032","0,001597450851","0,00003595696477","0,08992262488","0,04468272424","0,1025230472","0,002342083333"
28/12/2020,"0,002492163403","0,001675470428","0,00003595696477","0,09012539172","0,04475885657","0,1031296889","0,002354634615"
29/12/2020,"0,002526952486","0,001714480217","0,00003595696477","0,09064806912","0,04484526071","0,1042275653","0,002374197436"
30/12/2020,"0,002564113552","0,001755440495","0,00003595696477","0,09120979443","0,04493559231","0,105361091","0,002393885897"
31/12/2020,"0,00260285594","0,001788598816","0,00003595696477","0,09171506494","0,04493559231","0,1064070041","0,002410832051"
01/01/2021,"0,002798939863","0,001837361052","0,00003595696477","0,09193241594","0,04501293308","0,1070580562","0,002423433333"
02/01/2021,"0,002823450353","0,001876370841","0,00003595696477","0,09208013935","0,04514616465","0,1078178689","0,002434441026"
03/01/2021,"0,002870890012","0,00191343014","0,00003595696477","0,09221798316","0,0452108167","0,1082568382","0,002443994872"
04/01/2021,"0,002908841739","0,001964142865","0,00003595696477","0,09247344115","0,04527154129","0,1088891594","0,002457153846"
05/01/2021,"0,002968931973","0,002003152654","0,00003595696477","0,09302434596","0,04535129896","0,1100099964","0,002477076923"
06/01/2021,"0,003020324937","0,002040211953","0,00003595696477","0,09360865319","0,04541836791","0,1111894431","0,002496457692"
07/01/2021,"0,003070927239","0,002108479084","0,00003595696477","0,09432562922","0,04548906221","0,1123957779","0,002515844872"
08/01/2021,"0,003132598796","0,002145538383","0,00003595696477","0,09477820857","0,04548906221","0,1136374598","0,002535401282"
09/01/2021,"0,003179247793","0,002194300619","0,00003595696477","0,09532911338","0,04561866842","0,1146419835","0,002552089744"
10/01/2021,"0,003214827537","0,002223557961","0,00003595696477","0,09554975757","0,04566730852","0,1152471146","0,002563078205"
11/01/2021,"0,003252779264","0,002272320197","0,00003595696477","0,09577557679","0,04571776128","0,1158833633","0,00257635"
12/01/2021,"0,003303381567","0,002311329986","0,00003595696477","0,09629778374","0,04577878799","0,1172353162","0,002598528205"
13/01/2021,"0,003380075682","0,00233083488","0,00003595696477","0,09689714559","0,04583860624","0,1184476933","0,002620155128"
14/01/2021,"0,003432259306","0,002373745648","0,00003595696477","0,09742923213","0,04589630971","0,1196522153","0,002640265385"
15/01/2021,"0,003493930863","0,002410804947","0,00003595696477","0,0979707278","0,04594917937","0,1208265262","0,002659657692"
16/01/2021,"0,003538207877","0,00243616131","0,00003595696477","0,09846470734","0,04600386172","0,1218606569","0,002677092308"
17/01/2021,"0,003576950265","0,002465418651","0,00003595696477","0,09872392899","0,04604766801","0,1224295345","0,002688480769"
18/01/2021,"0,003622808602","0,002502477951","0,00003595696477","0,09893657542","0,04608905741","0,1228987151","0,002701001282"
19/01/2021,"0,003705037344","0,002535636271","0,00003595696477","0,09949735982","0,04613799962","0,1237213671","0,002722751282"
20/01/2021,"0,003777778154","0,002566844102","0,00003595696477","0,1001277718","0,04618361859","0,1250524743","0,002745892308"
21/01/2021,"0,003852100286","0,002590249975","0,00003595696477","0,1007468928","0,04623286291","0,1263189294","0,002767897436"
22/01/2021,"0,003937491671","0,00260780438","0,00003595696477","0,1012625134","0,04627878399","0,1274808537","0,00278870641"
23/01/2021,"0,004003116533","0,002631210254","0,00003595696477","0,1018280024","0,04632561141","0,1284917217","0,002806321795"
24/01/2021,"0,004047393547","0,002652665637","0,00003595696477","0,1021065127","0,04636518813","0,1290633183","0,002818021795"
25/01/2021,"0,00410590246","0,002674121021","0,00003595696477","0,1024014891","0,04640053528","0,1296602924","0,002832424359"
26/01/2021,"0,004188131201","0,002687774447","0,00003595696477","0,1029726235","0,04644192468","0,130871461","0,00285500641"
27/01/2021,"0,004259290689","0,002703378363","0,00003595696477","0,1035762195","0,0464790845","0,1320699408","0,002877047436"
28/01/2021,"0,00434863538","0,002728734725","0,00003595696477","0,1042282725","0,04652832882","0,1332805052","0,002899041026"
29/01/2021,"0,004425329495","0,002757992067","0,00003595696477","0,1047547135","0,04656971822","0,1343732457","0,00291889359"
30/01/2021,"0,004497279644","0,002769695004","0,00003595696477","0,1053564277","0,04660808649","0,1352140244","0,002936246154"
31/01/2021,"0,004548672608","0,002779447451","0,00003595696477","0,105619413","0,04664373575","0,1357753493","0,002947212821"
01/02/2021,"0,004611925486","0,002798952345","0,00003595696477","0,1058993347","0,04667213432","0,136401024","0,002960908974"
02/02/2021,"0,004706014142","0,002810655282","0,00003595696477","0,1064685873","0,04670536668","0,1374384779","0,002980519231"
03/02/2021,"0,004797730816","0,002824308708","0,00003595696477","0,10705854","0,0467376927","0,138618831","0,003001180769"
04/02/2021,"0,004879959557","0,002845764092","0,00003595696477","0,1076381427","0,04677394619","0,1397475229","0,003017737179"
05/02/2021,"0,004963769621","0,002855516539","0,00003595696477","0,1082210386","0,04680264687","0,1408550669","0,003039755128"
06/02/2021,"0,005038091753","0,002869169965","0,00003595696477","0,1082210386","0,04682621163","0,141661707","0,003053110256"
07/02/2021,"0,005079206124","0,002875021433","0,00003595696477","0,1089267236","0,04685158908","0,1420958425","0,003063615385"
08/02/2021,"0,005144830985","0,002890625349","0,00003595696477","0,1089267236","0,04687515384","0,1425849625","0,003075139744"
09/02/2021,"0,005219943778","0,002898427307","0,00003595696477","0,1098610507","0,04690355241","0,1435133538","0,003095705128"
10/02/2021,"0,005315613756","0,002917932201","0,00003595696477","0,1104867581","0,04693618054","0,1445091163","0,003113542308"
11/02/2021,"0,005376494652","0,002939387585","0,00003595696477","0,1111223451","0,04696246432","0,1454843351","0,003131152564"
12/02/2021,"0,005426306293","0,002953041011","0,00003595696477","0,1117282933","0,0469935819","0,1463634821","0,003147994872"
13/02/2021,"0,005477699257","0,002968644927","0,00003595696477","0,1122189797","0,04702137624","0,1470242019","0,003161225641"
14/02/2021,"0,005507744374","0,002978397374","0,00003595696477","0,1125544153","0,04704856635","0,1473758607","0,003169680769"
15/02/2021,"0,005564671964","0,0029920508","0,00003595696477","0,1128028165","0,04707303746","0,1476655865","0,003179173077"
16/02/2021,"0,005644528723","0,002999852758","0,00003595696477","0,1133518394","0,04710324869","0,1481945853","0,003194044872"
17/02/2021,"0,005706990941","0,003011555694","0,00003595696477","0,1138928647","0,04713376205","0,148922374","0,003209296154"
18/02/2021,"0,005767081175","0,003023258631","0,00003595696477","0,114535979","0,04716306695","0,1496864163","0,003224478205"
19/02/2021,"0,005819264799","0,003029110099","0,00003595696477","0,1151381636","0,0471935803","0,1504755338","0,00323949359"
20/02/2021,"0,005880936356","0,003036912057","0,00003595696477","0,1157215299","0,04722077041","0,1510262847","0,003250839744"
21/02/2021,"0,005918097422","0,003046664504","0,00003595696477","0,1159694606","0,04724584574","0,1513984872","0,003259003846"
22/02/2021,"0,005962374437","0,003068119888","0,00003595696477","0,1162700824","0,04726941051","0,1517987861","0,003268534615"
23/02/2021,"0,006005070129","0,003073971356","0,00003595696477","0,1169221354","0,0473008302","0,1524882065","0,003283558974"
24/02/2021,"0,006059625737","0,003083723803","0,00003595696477","0,1175939476","0,0473425217","0,1534456007","0,003299480769"
25/02/2021,"0,006118134649","0,003091525761","0,00003595696477","0,1183189214","0,04737877519","0,154185776","0,003313134615"
26/02/2021,"0,006181387527","0,003111030656","0,00003595696477","0,118947922","0,04741291389","0,1548102423","0,003326860256"
27/02/2021,"0,006213804628","0,003126634571","0,00003595696477","0,119599975","0,04744705259","0,155268849","0,003337926923"
28/02/2021,"0,006237524457","0,00313053555","0,00003595696477","0,1199391743","0,0474790765","0,1555984536","0,003345771795"
01/03/2021,"0,006277848167","0,003132486039","0,00003595696477","0,1203051896","0,04750656873","0,1560579665","0,003355869231"
02/03/2021,"0,00632924113","0,003144188976","0,00003595696477","0,1210772091","0,04753617575","0,1566492005","0,003369171795"
03/03/2021,"0,006379052772","0,003157842402","0,00003595696477","0,1219757814","0,04756306375","0,1573948138","0,003384215385"
04/03/2021,"0,006432027058","0,003173446318","0,00003595696477","0,1227750873","0,04759720245","0,157981214","0,003397410256"
05/03/2021,"0,006475513411","0,003183198765","0,00003595696477","0,1236219094","0,04762983059","0,1585198804","0,0034111"
06/03/2021,"0,006480257377","0,003187099744","0,00003595696477","0,1243534696","0,04766004182","0,1589748616","0,003421479487"
07/03/2021,"0,006526906375","0,003202703659","0,00003595696477","0,1248643856","0,04768934673","0,1591860382","0,00342905"
08/03/2021,"0,00656327678","0,003208555128","0,00003595696477","0,1253287263","0,04771260938","0,1594089971","0,003438135897"
09/03/2021,"0,006609135117","0,003214406596","0,00003595696477","0,126256467","0,04775279033","0,1599555184","0,003451787179"
10/03/2021,"0,006651040149","0,003222208554","0,00003595696477","0,127331931","0,04779085649","0,1604304391","0,003464687179"
11/03/2021,"0,006686619893","0,003241713448","0,00003595696477","0,1283824608","0,04782620364","0,1608996196","0,003477779487"
12/03/2021,"0,006732478229","0,003251465895","0,00003595696477","0,1294249929","0,04786849937","0,1613724255","0,003490758974"
13/03/2021,"0,006772801939","0,003255366874","0,00003595696477","0,1303644949","0,04791713947","0,1616763506","0,003501571795"
14/03/2021,"0,00678940582","0,003267069811","0,00003595696477","0,1308946997","0,04795278873","0,1618509715","0,003509216667"
15/03/2021,"0,006819450937","0,003272921279","0,00003595696477","0,1313919724","0,04799236545","0,1620796706","0,003518776923"
16/03/2021,"0,006864518613","0,003288525195","0,00003595696477","0,1327285399","0,04804916258","0,1624385801","0,003532328205"
17/03/2021,"0,006892982408","0,003292426173","0,00003595696477","0,1339743093","0,04810112591","0,1628059488","0,003545526923"
18/03/2021,"0,006918283559","0,003296327152","0,00003595696477","0,1352558333","0,04814765122","0,1633074554","0,003559678205"
19/03/2021,"0,006944375371","0,003302178621","0,00003595696477","0,136580169","0,04820444835","0,1636539783","0,0035739"
20/03/2021,"0,00695939793","0,003308030089","0,00003595696477","0,1377271424","0,04826396449","0,1638766351","0,003585053846"
21/03/2021,"0,006974420489","0,003309980578","0,00003595696477","0,1383340316","0,04832801231","0,1640116793","0,003592578205"
22/03/2021,"0,007002884284","0,003323634004","0,00003595696477","0,1389846732","0,04838813268","0,1642298045","0,003602885897"
23/03/2021,"0,007043207994","0,003329485473","0,00003595696477","0,140514128","0,04847121359","0,164494757","0,003617637179"
24/03/2021,"0,007059811874","0,003333386452","0,00003595696477","0,1414592755","0,04854704379","0,1649512489","0,003631005128"
25/03/2021,"0,007081159721","0,003347039878","0,00003595696477","0,1427657338","0,04862468668","0,1653751125","0,003645979487"
26/03/2021,"0,007107251533","0,003356792325","0,00003595696477","0,1444829008","0,04871260138","0,1657228439","0,003662508974"
27/03/2021,"0,007132552684","0,003358742814","0,00003595696477","0,1461003309","0,04880686045","0,1659618148","0,003675498718"
28/03/2021,"0,007155481853","0,003366544772","0,00003595696477","0,1468794073","0,04889477515","0,1661204238","0,003684780769"
29/03/2021,"0,007178411021","0,00337239624","0,00003595696477","0,1476603654","0,04897664761","0,1663346215","0,003695628205"
30/03/2021,"0,007204502833","0,003376297219","0,00003595696477","0,1494386917","0,04908359539","0,166601991","0,003711134615"
31/03/2021,"0,007238501255","0,003384099177","0,00003595696477","0,1512588888","0,04922226498","0,166927366","0,003727601282"
01/04/2021,"0,007252733153","0,003388000156","0,00003595696477","0,1530320401","0,04936395569","0,167252741","0,003743512821"
02/04/2021,"0,007266965051","0,003393851624","0,00003595696477","0,1544067146","0,04957966394","0,167540352","0,003757205128"
03/04/2021,"0,007272499677","0,003401653582","0,00003595696477","0,1553415121","0,04973464759","0,1677636131","0,003768912821"
04/04/2021,"0,007281987609","0,00340945554","0,00003595696477","0,1559248784","0,04987905731","0,1678530383","0,003778376923"
05/04/2021,"0,007297010168","0,003417257498","0,00003595696477","0,1565454108","0,05001379944","0,1680095326","0,003788282051"
06/04/2021,"0,007314404709","0,003425059455","0,00003595696477","0,1585189767","0,05020413024","0,1682696513","0,003804461538"
07/04/2021,"0,007342077843","0,003428960434","0,00003595696477","0,1603203554","0,05041107723","0,1690530288","0,003824125641"
08/04/2021,"0,007361844368","0,003440663371","0,00003595696477","0,162319326","0,05064672489","0,1693626939","0,003843142308"
09/04/2021,"0,007372913622","0,00344261386","0,00003595696477","0,1640567226","0,05088660212","0,1696333866","0,003860960256"
10/04/2021,"0,007394261468","0,003448465329","0,00003595696477","0,1652874374","0,05114007442","0,1698484907","0,003877447436"
11/04/2021,"0,007407702705","0,003452366307","0,00003595696477","0,1661356708","0,05141318402","0,1699400307","0,003889471795"
12/04/2021,"0,007426678568","0,003462118755","0,00003595696477","0,1668319467","0,0516787408","0,1700847426","0,003902144872"
13/04/2021,"0,007449607736","0,003475772181","0,00003595696477","0,1686234459","0,05198901023","0,1703370064","0,003919880769"
14/04/2021,"0,007488350124","0,003487475117","0,00003595696477","0,1702507556","0,05230260289","0,1706252216","0,00393795641"
15/04/2021,"0,007516023259","0,003491376096","0,00003595696477","0,1719255815","0,05266060606","0,1708986333","0,003955487179"
16/04/2021,"0,007552393664","0,003499178054","0,00003595696477","0,1734804409","0,05306573878","0,171161169","0,003972473077"
17/04/2021,"0,007584810764","0,003505029522","0,00003595696477","0,1748584086","0,05351920947","0,1713717413","0,003988565385"
18/04/2021,"0,007598252","0,00351283148","0,00003595696477","0,1756379554","0,05400832943","0,1714735532","0,004000180769"
19/04/2021,"0,007613274559","0,00351478197","0,00003595696477","0,1762716606","0,05454034934","0,1716258178","0,004014146154"
20/04/2021,"0,007655179591","0,003522583927","0,00003595696477","0,1778340473","0,0551515227","0,1718798944","0,004032496154"
21/04/2021,"0,007698665945","0,003526484906","0,00003595696477","0,179467473","0,05578716716","0,1721394089","0,004051673077"
22/04/2021,"0,007731083045","0,003532336374","0,00003595696477","0,1804210888","0,0564708475","0,1724312495","0,004069484615"
23/04/2021,"0,007775360059","0,003534286864","0,00003595696477","0,1817919996","0,0572635904","0,1726681056","0,004088961538"
24/04/2021,"0,007819637074","0,003536237353","0,00003595696477","0,1832391245","0,05809953538","0,1728940856","0,004105997436"
25/04/2021,"0,007858379462","0,003544039311","0,00003595696477","0,1838530705","0,05894907541","0,1729826046","0,004119366667"
26/04/2021,"0,007881308631","0,003549890779","0,00003595696477","0,1843889207","0,05978622884","0,1731318481","0,004134303846"
27/04/2021,"0,007931120272","0,003551841269","0,00003595696477","0,1858407501","0,06078108493","0,1733294296","0,004153487179"
28/04/2021,"0,007947724153","0,003559643227","0,00003595696477","0,1873288046","0,06188228458","0,1736215723","0,004174064103"
29/04/2021,"0,008033115538","0,003565494695","0,00003595696477","0,1887406452","0,06293907372","0,1738850143","0,004194267949"
30/04/2021,"0,008063951317","0,003571346163","0,00003595696477","0,1899614804","0,06400341566","0,1741125049","0,004212239744"
01/05/2021,"0,008128785517","0,003575247142","0,00003595696477","0,1912110134","0,06511790826","0,1743282132","0,004229247436"
02/05/2021,"0,008177015836","0,003577197632","0,00003595696477","0,1917765024","0,06615022629","0,1744294208","0,0042421"
03/05/2021,"0,008215758224","0,003588900568","0,00003595696477","0,1922389613","0,06719221191","0,1745816854","0,004257230769"
04/05/2021,"0,008255291273","0,003602553994","0,00003595696477","0,1936343359","0,06833419674","0,1748460338","0,004275261538"
05/05/2021,"0,008302730932","0,003610355952","0,00003595696477","0,1949567897","0,06953660404","0,175085911","0,00429434359"
06/05/2021,"0,008354123896","0,003627910357","0,00003595696477","0,1961564543","0,07071937404","0,1753272988","0,004313128205"
07/05/2021,"0,008469560398","0,003637662804","0,00003595696477","0,1971749931","0,0719843186","0,1755559979","0,004331585897"
08/05/2021,"0,008535975921","0,003655217209","0,00003595696477","0,1982109388","0,07321603081","0,1757460266","0,004348638462"
09/05/2021,"0,008586578223","0,003657167699","0,00003595696477","0,1986926864","0,0743546924","0,1758209505","0,004361726923"
10/05/2021,"0,008642715153","0,003664969656","0,00003595696477","0,1991109224","0,07552568001","0,175946025","0,004375989744"
11/05/2021,"0,008732850504","0,003674722104","0,00003595696477","0,2001981479","0,0767960626","0,1761532741","0,00439425"
12/05/2021,"0,008814288585","0,00368837553","0,00003595696477","0,2013714669","0,07804076564","0,1763852964","0,004412014103"
13/05/2021,"0,008894145344","0,003692276508","0,00003595696477","0,2024925653","0,07924921519","0,1766164124","0,004429561538"
14/05/2021,"0,008958188883","0,003698127977","0,00003595696477","0,2035327451","0,08042443238","0,1768139939","0,004446311538"
15/05/2021,"0,009032511015","0,003705929935","0,00003698430662","0,2045145882","0,08165614458","0,1769635395","0,004461960256"
16/05/2021,"0,009069672081","0,003711781403","0,00003801164847","0,2050019814","0,08289661804","0,1770469225","0,004474852564"
17/05/2021,"0,009161388754","0,003713731892","0,00003801164847","0,2053717603","0,08420446257","0,1771677675","0,004489219231"
18/05/2021,"0,009332171526","0,003729335808","0,00003801164847","0,206554018","0,08557272957","0,177400394","0,004507425641"
19/05/2021,"0,00940886564","0,003737137766","0,00003801164847","0,2077964942","0,08674311296","0,1776031114","0,004524821795"
20/05/2021,"0,009492675704","0,003748840702","0,00004006633218","0,2089270017","0,088014704","0,1778082457","0,004541562821"
21/05/2021,"0,009582020395","0,00375664266","0,00004212101588","0,2099690633","0,08928176336","0,1779940449","0,00455824359"
22/05/2021,"0,009648435917","0,003766395107","0,00004314835773","0,2108624606","0,0904119658","0,178142382","0,004573032051"
23/05/2021,"0,009697456897","0,003772246575","0,00004417569958","0,2112670533","0,09175757437","0,1782009918","0,004585539744"
24/05/2021,"0,009765453742","0,003780048533","0,00004520304143","0,2116387141","0,09281829097","0,1783354319","0,004597148718"
25/05/2021,"0,009849263805","0,003783949512","0,00004520304143","0,2126610166","0,09407417216","0,1785254606","0,004614053846"
26/05/2021,"0,009940980479","0,00378980098","0,00004623038328","0,2137891718","0,09523639852","0,1788200201","0,004630378205"
27/05/2021,"0,01003427847","0,003795652449","0,00004725772513","0,2148453471","0,09634212986","0,1792284761","0,004647107692"
28/05/2021,"0,01010939127","0,003805404896","0,00004828506698","0,2159607999","0,09743487036","0,1793970548","0,004662439744"
29/05/2021,"0,01018134142","0,003817107833","0,00004828506698","0,2169073588","0,09848017922","0,1794961477","0,004676223077"
30/05/2021,"0,0102200838","0,003821008811","0,00004828506698","0,217318538","0,09942518677","0,1795357244","0,004686634615"
31/05/2021,"0,01028333668","0,003828810769","0,00004828506698","0,2177231308","0,1002695909","0,1795801349","0,004697805128"